spot_key	t_idx	nh
SPOT_001_UMI000001	7	1
SPOT_001_UMI000002	1	2
SPOT_001_UMI000002	2	2
SPOT_001_UMI000003	1	1
SPOT_001_UMI000004	1	3
SPOT_001_UMI000004	2	3
SPOT_001_UMI000004	3	3
SPOT_001_UMI000005	1	1
SPOT_001_UMI000006	3	1
SPOT_001_UMI000007	1	3
SPOT_001_UMI000007	2	3
SPOT_001_UMI000007	3	3
SPOT_001_UMI000008	1	3
SPOT_001_UMI000008	3	3
SPOT_001_UMI000008	2	3
SPOT_001_UMI000009	1	2
SPOT_001_UMI000009	3	2
SPOT_001_UMI000010	4	1
SPOT_001_UMI000011	4	1
SPOT_001_UMI000012	1	1
SPOT_001_UMI000013	1	1
SPOT_001_UMI000014	1	1
SPOT_001_UMI000015	1	1
SPOT_001_UMI000016	1	1
SPOT_001_UMI000017	8	1
SPOT_001_UMI000018	2	1
SPOT_001_UMI000019	4	1
SPOT_001_UMI000020	3	1
SPOT_001_UMI000021	7	1
SPOT_001_UMI000022	1	1
SPOT_001_UMI000023	9	2
SPOT_001_UMI000023	10	2
SPOT_001_UMI000024	4	1
SPOT_001_UMI000025	1	1
SPOT_001_UMI000026	9	1
SPOT_001_UMI000027	1	1
SPOT_001_UMI000028	4	1
SPOT_001_UMI000029	1	1
SPOT_001_UMI000030	1	1
SPOT_001_UMI000031	5	1
SPOT_001_UMI000032	1	1
SPOT_001_UMI000033	4	1
SPOT_001_UMI000034	1	1
SPOT_001_UMI000035	1	1
SPOT_001_UMI000036	4	2
SPOT_001_UMI000036	5	2
SPOT_001_UMI000037	2	1
SPOT_001_UMI000038	1	1
SPOT_001_UMI000039	2	1
SPOT_001_UMI000040	4	1
SPOT_001_UMI000041	6	2
SPOT_001_UMI000041	5	2
SPOT_001_UMI000042	3	2
SPOT_001_UMI000042	2	2
SPOT_001_UMI000043	2	1
SPOT_001_UMI000044	9	2
SPOT_001_UMI000044	10	2
SPOT_001_UMI000045	1	1
SPOT_001_UMI000046	1	2
SPOT_001_UMI000046	2	2
SPOT_001_UMI000047	1	1
SPOT_001_UMI000048	1	1
SPOT_001_UMI000049	1	1
SPOT_001_UMI000050	1	1
SPOT_001_UMI000051	6	1
SPOT_001_UMI000052	5	1
SPOT_001_UMI000053	7	1
SPOT_001_UMI000054	4	1
SPOT_001_UMI000055	7	1
SPOT_001_UMI000056	4	1
SPOT_001_UMI000057	1	1
SPOT_001_UMI000058	7	1
SPOT_001_UMI000059	4	1
SPOT_001_UMI000060	1	1
SPOT_001_UMI000061	4	2
SPOT_001_UMI000061	6	2
SPOT_001_UMI000062	8	1
SPOT_001_UMI000063	1	1
SPOT_001_UMI000064	5	2
SPOT_001_UMI000064	6	2
SPOT_001_UMI000065	4	1
SPOT_001_UMI000066	1	1
SPOT_001_UMI000067	4	1
SPOT_001_UMI000068	1	2
SPOT_001_UMI000068	3	2
SPOT_001_UMI000069	1	2
SPOT_001_UMI000069	3	2
SPOT_001_UMI000070	2	2
SPOT_001_UMI000070	3	2
SPOT_001_UMI000071	1	1
SPOT_001_UMI000072	5	2
SPOT_001_UMI000072	4	2
SPOT_001_UMI000073	8	1
SPOT_001_UMI000074	4	2
SPOT_001_UMI000074	6	2
SPOT_001_UMI000075	4	1
SPOT_001_UMI000076	2	1
SPOT_001_UMI000077	1	1
SPOT_001_UMI000078	8	1
SPOT_001_UMI000079	4	1
SPOT_001_UMI000080	1	3
SPOT_001_UMI000080	3	3
SPOT_001_UMI000080	2	3
SPOT_001_UMI000081	4	1
SPOT_001_UMI000082	4	1
SPOT_001_UMI000083	3	1
SPOT_001_UMI000084	2	1
SPOT_001_UMI000085	4	1
SPOT_001_UMI000086	4	1
SPOT_001_UMI000087	5	1
SPOT_001_UMI000088	3	1
SPOT_001_UMI000089	1	1
SPOT_001_UMI000090	5	1
SPOT_001_UMI000091	7	1
SPOT_001_UMI000092	1	2
SPOT_001_UMI000092	2	2
SPOT_001_UMI000093	5	1
SPOT_001_UMI000094	10	1
SPOT_001_UMI000095	1	1
SPOT_001_UMI000096	1	1
SPOT_001_UMI000097	1	2
SPOT_001_UMI000097	2	2
SPOT_001_UMI000098	8	1
SPOT_001_UMI000099	1	2
SPOT_001_UMI000099	3	2
SPOT_001_UMI000100	5	1
SPOT_001_UMI000101	2	1
SPOT_001_UMI000102	4	2
SPOT_001_UMI000102	6	2
SPOT_001_UMI000103	2	2
SPOT_001_UMI000103	1	2
SPOT_001_UMI000104	2	2
SPOT_001_UMI000104	1	2
SPOT_001_UMI000105	4	2
SPOT_001_UMI000105	5	2
SPOT_001_UMI000106	2	1
SPOT_001_UMI000107	3	1
SPOT_001_UMI000108	1	1
SPOT_001_UMI000109	2	2
SPOT_001_UMI000109	3	2
SPOT_001_UMI000110	1	1
SPOT_001_UMI000111	8	1
SPOT_001_UMI000112	2	2
SPOT_001_UMI000112	1	2
SPOT_001_UMI000113	2	1
SPOT_001_UMI000114	4	1
SPOT_001_UMI000115	4	1
SPOT_001_UMI000116	6	2
SPOT_001_UMI000116	4	2
SPOT_001_UMI000117	9	1
SPOT_001_UMI000118	4	1
SPOT_001_UMI000119	1	1
SPOT_001_UMI000120	1	1
SPOT_002_UMI000121	1	1
SPOT_002_UMI000122	4	1
SPOT_002_UMI000123	4	1
SPOT_002_UMI000124	4	1
SPOT_002_UMI000125	7	2
SPOT_002_UMI000125	8	2
SPOT_002_UMI000126	8	1
SPOT_002_UMI000127	1	1
SPOT_002_UMI000128	5	1
SPOT_002_UMI000129	4	2
SPOT_002_UMI000129	5	2
SPOT_002_UMI000130	8	1
SPOT_002_UMI000131	3	2
SPOT_002_UMI000131	2	2
SPOT_002_UMI000132	8	1
SPOT_002_UMI000133	3	1
SPOT_002_UMI000134	6	1
SPOT_002_UMI000135	1	1
SPOT_002_UMI000136	4	3
SPOT_002_UMI000136	6	3
SPOT_002_UMI000136	5	3
SPOT_002_UMI000137	1	1
SPOT_002_UMI000138	4	1
SPOT_002_UMI000139	1	1
SPOT_002_UMI000140	3	2
SPOT_002_UMI000140	2	2
SPOT_002_UMI000141	2	1
SPOT_002_UMI000142	6	1
SPOT_002_UMI000143	5	1
SPOT_002_UMI000144	1	1
SPOT_002_UMI000145	6	1
SPOT_002_UMI000146	4	1
SPOT_002_UMI000147	7	1
SPOT_002_UMI000148	1	1
SPOT_002_UMI000149	4	1
SPOT_002_UMI000150	4	1
SPOT_002_UMI000151	6	1
SPOT_002_UMI000152	1	1
SPOT_002_UMI000153	6	2
SPOT_002_UMI000153	5	2
SPOT_002_UMI000154	7	1
SPOT_002_UMI000155	3	1
SPOT_002_UMI000156	2	1
SPOT_002_UMI000157	4	1
SPOT_002_UMI000158	1	1
SPOT_002_UMI000159	4	2
SPOT_002_UMI000159	5	2
SPOT_002_UMI000160	8	1
SPOT_002_UMI000161	1	1
SPOT_002_UMI000162	1	1
SPOT_002_UMI000163	1	1
SPOT_002_UMI000164	2	1
SPOT_002_UMI000165	1	1
SPOT_002_UMI000166	4	3
SPOT_002_UMI000166	6	3
SPOT_002_UMI000166	5	3
SPOT_002_UMI000167	1	2
SPOT_002_UMI000167	2	2
SPOT_002_UMI000168	6	2
SPOT_002_UMI000168	5	2
SPOT_002_UMI000169	5	2
SPOT_002_UMI000169	6	2
SPOT_002_UMI000170	4	1
SPOT_002_UMI000171	1	1
SPOT_002_UMI000172	4	1
SPOT_002_UMI000173	4	2
SPOT_002_UMI000173	5	2
SPOT_002_UMI000174	2	1
SPOT_002_UMI000175	2	1
SPOT_002_UMI000176	6	2
SPOT_002_UMI000176	4	2
SPOT_002_UMI000177	4	1
SPOT_002_UMI000178	4	1
SPOT_002_UMI000179	8	1
SPOT_002_UMI000180	2	1
SPOT_002_UMI000181	8	2
SPOT_002_UMI000181	7	2
SPOT_002_UMI000182	5	3
SPOT_002_UMI000182	4	3
SPOT_002_UMI000182	6	3
SPOT_002_UMI000183	1	1
SPOT_002_UMI000184	7	2
SPOT_002_UMI000184	8	2
SPOT_002_UMI000185	1	1
SPOT_002_UMI000186	4	1
SPOT_002_UMI000187	2	2
SPOT_002_UMI000187	1	2
SPOT_002_UMI000188	4	1
SPOT_002_UMI000189	1	1
SPOT_002_UMI000190	9	1
SPOT_002_UMI000191	5	1
SPOT_002_UMI000192	3	3
SPOT_002_UMI000192	1	3
SPOT_002_UMI000192	2	3
SPOT_002_UMI000193	2	1
SPOT_002_UMI000194	8	2
SPOT_002_UMI000194	7	2
SPOT_002_UMI000195	2	1
SPOT_002_UMI000196	3	1
SPOT_002_UMI000197	6	1
SPOT_002_UMI000198	7	2
SPOT_002_UMI000198	8	2
SPOT_002_UMI000199	3	2
SPOT_002_UMI000199	1	2
SPOT_002_UMI000200	1	2
SPOT_002_UMI000200	3	2
SPOT_002_UMI000201	3	1
SPOT_002_UMI000202	4	1
SPOT_002_UMI000203	4	3
SPOT_002_UMI000203	5	3
SPOT_002_UMI000203	6	3
SPOT_002_UMI000204	4	2
SPOT_002_UMI000204	5	2
SPOT_002_UMI000205	4	2
SPOT_002_UMI000205	6	2
SPOT_002_UMI000206	7	1
SPOT_002_UMI000207	4	1
SPOT_002_UMI000208	9	1
SPOT_002_UMI000209	4	1
SPOT_002_UMI000210	4	1
SPOT_002_UMI000211	10	1
SPOT_002_UMI000212	3	1
SPOT_002_UMI000213	8	1
SPOT_002_UMI000214	6	1
SPOT_002_UMI000215	2	1
SPOT_002_UMI000216	1	1
SPOT_002_UMI000217	4	1
SPOT_002_UMI000218	4	1
SPOT_002_UMI000219	4	1
SPOT_002_UMI000220	4	3
SPOT_002_UMI000220	5	3
SPOT_002_UMI000220	6	3
SPOT_002_UMI000221	4	1
SPOT_002_UMI000222	1	2
SPOT_002_UMI000222	2	2
SPOT_002_UMI000223	1	1
SPOT_002_UMI000224	10	2
SPOT_002_UMI000224	9	2
SPOT_002_UMI000225	1	1
SPOT_002_UMI000226	1	1
SPOT_002_UMI000227	3	2
SPOT_002_UMI000227	2	2
SPOT_002_UMI000228	2	1
SPOT_002_UMI000229	5	1
SPOT_003_UMI000230	6	2
SPOT_003_UMI000230	5	2
SPOT_003_UMI000231	5	1
SPOT_003_UMI000232	6	1
SPOT_003_UMI000233	7	2
SPOT_003_UMI000233	8	2
SPOT_003_UMI000234	8	2
SPOT_003_UMI000234	7	2
SPOT_003_UMI000235	7	1
SPOT_003_UMI000236	1	1
SPOT_003_UMI000237	7	1
SPOT_003_UMI000238	6	1
SPOT_003_UMI000239	5	1
SPOT_003_UMI000240	1	1
SPOT_003_UMI000241	3	2
SPOT_003_UMI000241	2	2
SPOT_003_UMI000242	5	1
SPOT_003_UMI000243	7	2
SPOT_003_UMI000243	8	2
SPOT_003_UMI000244	7	1
SPOT_003_UMI000245	1	1
SPOT_003_UMI000246	10	1
SPOT_003_UMI000247	7	1
SPOT_003_UMI000248	8	2
SPOT_003_UMI000248	7	2
SPOT_003_UMI000249	8	2
SPOT_003_UMI000249	7	2
SPOT_003_UMI000250	1	1
SPOT_003_UMI000251	4	1
SPOT_003_UMI000252	7	2
SPOT_003_UMI000252	8	2
SPOT_003_UMI000253	8	1
SPOT_003_UMI000254	1	3
SPOT_003_UMI000254	2	3
SPOT_003_UMI000254	3	3
SPOT_003_UMI000255	9	2
SPOT_003_UMI000255	10	2
SPOT_003_UMI000256	2	1
SPOT_003_UMI000257	2	1
SPOT_003_UMI000258	4	1
SPOT_003_UMI000259	5	1
SPOT_003_UMI000260	1	1
SPOT_003_UMI000261	3	1
SPOT_003_UMI000262	7	1
SPOT_003_UMI000263	1	1
SPOT_003_UMI000264	7	2
SPOT_003_UMI000264	8	2
SPOT_003_UMI000265	7	1
SPOT_003_UMI000266	8	1
SPOT_003_UMI000267	1	1
SPOT_003_UMI000268	7	1
SPOT_003_UMI000269	1	1
SPOT_003_UMI000270	9	2
SPOT_003_UMI000270	10	2
SPOT_003_UMI000271	7	2
SPOT_003_UMI000271	8	2
SPOT_003_UMI000272	1	1
SPOT_003_UMI000273	4	2
SPOT_003_UMI000273	5	2
SPOT_003_UMI000274	7	2
SPOT_003_UMI000274	8	2
SPOT_003_UMI000275	1	1
SPOT_003_UMI000276	7	1
SPOT_003_UMI000277	4	1
SPOT_003_UMI000278	4	1
SPOT_003_UMI000279	7	1
SPOT_003_UMI000280	2	1
SPOT_003_UMI000281	7	1
SPOT_003_UMI000282	1	1
SPOT_003_UMI000283	5	3
SPOT_003_UMI000283	4	3
SPOT_003_UMI000283	6	3
SPOT_003_UMI000284	7	1
SPOT_003_UMI000285	8	1
SPOT_003_UMI000286	5	2
SPOT_003_UMI000286	4	2
SPOT_003_UMI000287	8	1
SPOT_003_UMI000288	1	1
SPOT_003_UMI000289	4	2
SPOT_003_UMI000289	6	2
SPOT_003_UMI000290	5	1
SPOT_003_UMI000291	1	1
SPOT_003_UMI000292	5	1
SPOT_003_UMI000293	2	2
SPOT_003_UMI000293	3	2
SPOT_003_UMI000294	9	1
SPOT_003_UMI000295	6	1
SPOT_003_UMI000296	4	1
SPOT_003_UMI000297	7	1
SPOT_003_UMI000298	1	1
SPOT_003_UMI000299	7	2
SPOT_003_UMI000299	8	2
SPOT_003_UMI000300	1	1
SPOT_003_UMI000301	7	1
SPOT_003_UMI000302	1	1
SPOT_003_UMI000303	4	1
SPOT_003_UMI000304	7	1
SPOT_003_UMI000305	7	1
SPOT_003_UMI000306	9	1
SPOT_003_UMI000307	7	2
SPOT_003_UMI000307	8	2
SPOT_003_UMI000308	7	2
SPOT_003_UMI000308	8	2
SPOT_003_UMI000309	4	1
SPOT_003_UMI000310	4	1
SPOT_003_UMI000311	7	1
SPOT_003_UMI000312	2	1
SPOT_003_UMI000313	1	1
SPOT_003_UMI000314	7	1
SPOT_003_UMI000315	2	3
SPOT_003_UMI000315	1	3
SPOT_003_UMI000315	3	3
SPOT_003_UMI000316	1	1
SPOT_003_UMI000317	6	2
SPOT_003_UMI000317	4	2
SPOT_003_UMI000318	7	1
SPOT_003_UMI000319	6	2
SPOT_003_UMI000319	5	2
SPOT_003_UMI000320	3	1
SPOT_003_UMI000321	5	2
SPOT_003_UMI000321	4	2
SPOT_003_UMI000322	5	1
SPOT_003_UMI000323	5	1
SPOT_003_UMI000324	9	1
SPOT_003_UMI000325	9	1
SPOT_003_UMI000326	5	3
SPOT_003_UMI000326	6	3
SPOT_003_UMI000326	4	3
SPOT_003_UMI000327	1	1
SPOT_003_UMI000328	10	2
SPOT_003_UMI000328	9	2
SPOT_003_UMI000329	7	1
SPOT_003_UMI000330	2	1
SPOT_003_UMI000331	7	2
SPOT_003_UMI000331	8	2
SPOT_003_UMI000332	1	1
SPOT_003_UMI000333	4	1
SPOT_003_UMI000334	7	2
SPOT_003_UMI000334	8	2
SPOT_003_UMI000335	1	1
SPOT_003_UMI000336	5	1
SPOT_003_UMI000337	1	1
SPOT_003_UMI000338	6	1
SPOT_003_UMI000339	2	1
SPOT_003_UMI000340	7	1
SPOT_003_UMI000341	6	1
SPOT_003_UMI000342	7	1
SPOT_003_UMI000343	1	1
SPOT_003_UMI000344	7	2
SPOT_003_UMI000344	8	2
SPOT_003_UMI000345	7	1
SPOT_003_UMI000346	1	1
SPOT_003_UMI000347	7	1
SPOT_003_UMI000348	7	1
SPOT_003_UMI000349	2	1
SPOT_003_UMI000350	5	1
SPOT_003_UMI000351	7	1
SPOT_003_UMI000352	5	1
SPOT_003_UMI000353	7	1
SPOT_003_UMI000354	4	1
SPOT_003_UMI000355	2	3
SPOT_003_UMI000355	1	3
SPOT_003_UMI000355	3	3
SPOT_003_UMI000356	4	2
SPOT_003_UMI000356	5	2
SPOT_003_UMI000357	1	2
SPOT_003_UMI000357	3	2
SPOT_003_UMI000358	4	2
SPOT_003_UMI000358	6	2
SPOT_003_UMI000359	3	1
SPOT_003_UMI000360	7	1
SPOT_003_UMI000361	8	1
SPOT_003_UMI000362	7	1
SPOT_003_UMI000363	1	1
SPOT_003_UMI000364	5	1
SPOT_003_UMI000365	7	2
SPOT_003_UMI000365	8	2
SPOT_003_UMI000366	7	1
SPOT_003_UMI000367	4	2
SPOT_003_UMI000367	5	2
SPOT_003_UMI000368	4	1
SPOT_003_UMI000369	7	1
SPOT_003_UMI000370	2	1
SPOT_003_UMI000371	1	1
SPOT_003_UMI000372	10	2
SPOT_003_UMI000372	9	2
SPOT_003_UMI000373	7	1
SPOT_003_UMI000374	7	1
SPOT_003_UMI000375	8	2
SPOT_003_UMI000375	7	2
SPOT_004_UMI000376	2	2
SPOT_004_UMI000376	1	2
SPOT_004_UMI000377	3	1
SPOT_004_UMI000378	1	2
SPOT_004_UMI000378	2	2
SPOT_004_UMI000379	4	3
SPOT_004_UMI000379	6	3
SPOT_004_UMI000379	5	3
SPOT_004_UMI000380	4	1
SPOT_004_UMI000381	6	1
SPOT_004_UMI000382	3	2
SPOT_004_UMI000382	2	2
SPOT_004_UMI000383	1	1
SPOT_004_UMI000384	5	1
SPOT_004_UMI000385	2	2
SPOT_004_UMI000385	3	2
SPOT_004_UMI000386	1	1
SPOT_004_UMI000387	9	1
SPOT_004_UMI000388	7	2
SPOT_004_UMI000388	8	2
SPOT_004_UMI000389	2	1
SPOT_004_UMI000390	2	2
SPOT_004_UMI000390	1	2
SPOT_004_UMI000391	1	1
SPOT_004_UMI000392	1	1
SPOT_004_UMI000393	4	1
SPOT_004_UMI000394	9	1
SPOT_004_UMI000395	8	1
SPOT_004_UMI000396	8	1
SPOT_004_UMI000397	9	2
SPOT_004_UMI000397	10	2
SPOT_004_UMI000398	2	1
SPOT_004_UMI000399	6	3
SPOT_004_UMI000399	4	3
SPOT_004_UMI000399	5	3
SPOT_004_UMI000400	8	1
SPOT_004_UMI000401	2	1
SPOT_004_UMI000402	3	2
SPOT_004_UMI000402	2	2
SPOT_004_UMI000403	5	1
SPOT_004_UMI000404	1	1
SPOT_004_UMI000405	4	2
SPOT_004_UMI000405	5	2
SPOT_004_UMI000406	1	2
SPOT_004_UMI000406	3	2
SPOT_004_UMI000407	4	1
SPOT_004_UMI000408	3	1
SPOT_004_UMI000409	1	1
SPOT_004_UMI000410	1	1
SPOT_004_UMI000411	5	2
SPOT_004_UMI000411	4	2
SPOT_004_UMI000412	3	2
SPOT_004_UMI000412	2	2
SPOT_004_UMI000413	4	1
SPOT_004_UMI000414	7	2
SPOT_004_UMI000414	8	2
SPOT_004_UMI000415	9	1
SPOT_004_UMI000416	7	1
SPOT_004_UMI000417	1	1
SPOT_004_UMI000418	1	3
SPOT_004_UMI000418	2	3
SPOT_004_UMI000418	3	3
SPOT_004_UMI000419	5	1
SPOT_004_UMI000420	9	1
SPOT_004_UMI000421	2	1
SPOT_004_UMI000422	2	2
SPOT_004_UMI000422	3	2
SPOT_004_UMI000423	1	1
SPOT_004_UMI000424	1	1
SPOT_004_UMI000425	10	1
SPOT_004_UMI000426	3	1
SPOT_004_UMI000427	6	1
SPOT_004_UMI000428	1	1
SPOT_004_UMI000429	2	1
SPOT_004_UMI000430	7	1
SPOT_004_UMI000431	1	1
SPOT_004_UMI000432	4	1
SPOT_004_UMI000433	2	1
SPOT_004_UMI000434	8	2
SPOT_004_UMI000434	7	2
SPOT_004_UMI000435	9	1
SPOT_004_UMI000436	1	1
SPOT_004_UMI000437	4	2
SPOT_004_UMI000437	5	2
SPOT_004_UMI000438	3	1
SPOT_004_UMI000439	8	1
SPOT_004_UMI000440	2	1
SPOT_004_UMI000441	1	1
SPOT_004_UMI000442	2	1
SPOT_004_UMI000443	4	1
SPOT_004_UMI000444	3	1
SPOT_004_UMI000445	1	1
SPOT_004_UMI000446	9	2
SPOT_004_UMI000446	10	2
SPOT_004_UMI000447	3	1
SPOT_004_UMI000448	4	1
SPOT_004_UMI000449	3	1
SPOT_004_UMI000450	10	1
SPOT_004_UMI000451	1	2
SPOT_004_UMI000451	2	2
SPOT_004_UMI000452	9	1
SPOT_004_UMI000453	2	1
SPOT_004_UMI000454	6	1
SPOT_004_UMI000455	4	1
SPOT_004_UMI000456	1	1
SPOT_004_UMI000457	2	3
SPOT_004_UMI000457	1	3
SPOT_004_UMI000457	3	3
SPOT_004_UMI000458	1	1
SPOT_004_UMI000459	1	2
SPOT_004_UMI000459	3	2
SPOT_004_UMI000460	9	1
SPOT_004_UMI000461	1	1
SPOT_004_UMI000462	4	2
SPOT_004_UMI000462	5	2
SPOT_004_UMI000463	4	1
SPOT_004_UMI000464	3	1
SPOT_004_UMI000465	7	1
SPOT_004_UMI000466	1	1
SPOT_004_UMI000467	5	1
SPOT_004_UMI000468	7	1
SPOT_004_UMI000469	1	1
SPOT_004_UMI000470	4	1
SPOT_004_UMI000471	10	1
SPOT_004_UMI000472	6	2
SPOT_004_UMI000472	5	2
SPOT_004_UMI000473	1	1
SPOT_004_UMI000474	1	1
SPOT_004_UMI000475	7	1
SPOT_004_UMI000476	4	1
SPOT_004_UMI000477	4	1
SPOT_004_UMI000478	1	1
SPOT_004_UMI000479	9	1
SPOT_004_UMI000480	1	1
SPOT_004_UMI000481	1	1
SPOT_004_UMI000482	2	2
SPOT_004_UMI000482	3	2
SPOT_004_UMI000483	3	1
SPOT_004_UMI000484	4	1
SPOT_004_UMI000485	2	2
SPOT_004_UMI000485	3	2
SPOT_004_UMI000486	10	1
SPOT_004_UMI000487	1	1
SPOT_004_UMI000488	1	2
SPOT_004_UMI000488	3	2
SPOT_004_UMI000489	3	1
SPOT_004_UMI000490	3	1
SPOT_004_UMI000491	8	1
SPOT_004_UMI000492	10	1
SPOT_004_UMI000493	2	1
SPOT_004_UMI000494	1	1
SPOT_004_UMI000495	1	2
SPOT_004_UMI000495	3	2
SPOT_004_UMI000496	1	1
SPOT_004_UMI000497	7	1
SPOT_004_UMI000498	1	2
SPOT_004_UMI000498	2	2
SPOT_004_UMI000499	5	1
SPOT_004_UMI000500	1	1
SPOT_004_UMI000501	1	3
SPOT_004_UMI000501	3	3
SPOT_004_UMI000501	2	3
SPOT_004_UMI000502	4	1
SPOT_004_UMI000503	6	1
SPOT_004_UMI000504	3	1
SPOT_004_UMI000505	1	1
SPOT_004_UMI000506	4	1
SPOT_004_UMI000507	5	1
SPOT_004_UMI000508	9	1
SPOT_004_UMI000509	1	1
SPOT_005_UMI000510	2	2
SPOT_005_UMI000510	3	2
SPOT_005_UMI000511	4	1
SPOT_005_UMI000512	6	1
SPOT_005_UMI000513	4	1
SPOT_005_UMI000514	5	1
SPOT_005_UMI000515	1	1
SPOT_005_UMI000516	1	1
SPOT_005_UMI000517	4	1
SPOT_005_UMI000518	8	2
SPOT_005_UMI000518	7	2
SPOT_005_UMI000519	2	1
SPOT_005_UMI000520	5	1
SPOT_005_UMI000521	5	1
SPOT_005_UMI000522	4	1
SPOT_005_UMI000523	4	2
SPOT_005_UMI000523	5	2
SPOT_005_UMI000524	1	3
SPOT_005_UMI000524	3	3
SPOT_005_UMI000524	2	3
SPOT_005_UMI000525	5	3
SPOT_005_UMI000525	4	3
SPOT_005_UMI000525	6	3
SPOT_005_UMI000526	1	2
SPOT_005_UMI000526	2	2
SPOT_005_UMI000527	5	3
SPOT_005_UMI000527	4	3
SPOT_005_UMI000527	6	3
SPOT_005_UMI000528	1	2
SPOT_005_UMI000528	2	2
SPOT_005_UMI000529	4	1
SPOT_005_UMI000530	2	1
SPOT_005_UMI000531	2	1
SPOT_005_UMI000532	4	2
SPOT_005_UMI000532	5	2
SPOT_005_UMI000533	10	2
SPOT_005_UMI000533	9	2
SPOT_005_UMI000534	4	1
SPOT_005_UMI000535	1	1
SPOT_005_UMI000536	5	1
SPOT_005_UMI000537	9	1
SPOT_005_UMI000538	4	1
SPOT_005_UMI000539	4	1
SPOT_005_UMI000540	7	1
SPOT_005_UMI000541	2	1
SPOT_005_UMI000542	9	2
SPOT_005_UMI000542	10	2
SPOT_005_UMI000543	10	1
SPOT_005_UMI000544	5	2
SPOT_005_UMI000544	6	2
SPOT_005_UMI000545	1	2
SPOT_005_UMI000545	3	2
SPOT_005_UMI000546	8	1
SPOT_005_UMI000547	5	1
SPOT_005_UMI000548	8	2
SPOT_005_UMI000548	7	2
SPOT_005_UMI000549	4	2
SPOT_005_UMI000549	6	2
SPOT_005_UMI000550	10	1
SPOT_005_UMI000551	2	1
SPOT_005_UMI000552	1	2
SPOT_005_UMI000552	3	2
SPOT_005_UMI000553	1	1
SPOT_005_UMI000554	2	1
SPOT_005_UMI000555	7	1
SPOT_005_UMI000556	8	1
SPOT_005_UMI000557	1	1
SPOT_005_UMI000558	3	1
SPOT_005_UMI000559	4	2
SPOT_005_UMI000559	5	2
SPOT_005_UMI000560	6	2
SPOT_005_UMI000560	5	2
SPOT_005_UMI000561	4	1
SPOT_005_UMI000562	6	1
SPOT_005_UMI000563	4	1
SPOT_005_UMI000564	4	1
SPOT_005_UMI000565	1	1
SPOT_005_UMI000566	1	1
SPOT_005_UMI000567	9	2
SPOT_005_UMI000567	10	2
SPOT_005_UMI000568	2	1
SPOT_005_UMI000569	1	2
SPOT_005_UMI000569	3	2
SPOT_005_UMI000570	8	1
SPOT_005_UMI000571	2	2
SPOT_005_UMI000571	1	2
SPOT_005_UMI000572	7	1
SPOT_005_UMI000573	8	2
SPOT_005_UMI000573	7	2
SPOT_005_UMI000574	3	1
SPOT_005_UMI000575	5	1
SPOT_005_UMI000576	7	1
SPOT_005_UMI000577	2	2
SPOT_005_UMI000577	1	2
SPOT_005_UMI000578	8	1
SPOT_005_UMI000579	7	1
SPOT_005_UMI000580	4	1
SPOT_005_UMI000581	10	1
SPOT_005_UMI000582	3	1
SPOT_005_UMI000583	2	1
SPOT_005_UMI000584	1	1
SPOT_005_UMI000585	8	1
SPOT_005_UMI000586	7	2
SPOT_005_UMI000586	8	2
SPOT_005_UMI000587	6	1
SPOT_005_UMI000588	2	1
SPOT_005_UMI000589	4	2
SPOT_005_UMI000589	6	2
SPOT_005_UMI000590	8	2
SPOT_005_UMI000590	7	2
SPOT_005_UMI000591	4	1
SPOT_005_UMI000592	9	1
SPOT_005_UMI000593	4	3
SPOT_005_UMI000593	5	3
SPOT_005_UMI000593	6	3
SPOT_005_UMI000594	2	1
SPOT_005_UMI000595	1	1
SPOT_005_UMI000596	8	1
SPOT_005_UMI000597	1	1
SPOT_005_UMI000598	1	3
SPOT_005_UMI000598	3	3
SPOT_005_UMI000598	2	3
SPOT_005_UMI000599	8	1
SPOT_005_UMI000600	1	2
SPOT_005_UMI000600	3	2
SPOT_005_UMI000601	5	1
SPOT_005_UMI000602	4	2
SPOT_005_UMI000602	6	2
SPOT_005_UMI000603	4	2
SPOT_005_UMI000603	5	2
SPOT_005_UMI000604	4	3
SPOT_005_UMI000604	5	3
SPOT_005_UMI000604	6	3
SPOT_005_UMI000605	1	1
SPOT_005_UMI000606	4	1
SPOT_005_UMI000607	3	1
SPOT_005_UMI000608	8	1
SPOT_005_UMI000609	1	2
SPOT_005_UMI000609	2	2
SPOT_005_UMI000610	4	1
SPOT_005_UMI000611	4	1
SPOT_005_UMI000612	1	1
SPOT_005_UMI000613	4	1
SPOT_006_UMI000614	2	1
SPOT_006_UMI000615	7	1
SPOT_006_UMI000616	8	2
SPOT_006_UMI000616	7	2
SPOT_006_UMI000617	1	1
SPOT_006_UMI000618	7	1
SPOT_006_UMI000619	1	2
SPOT_006_UMI000619	2	2
SPOT_006_UMI000620	9	1
SPOT_006_UMI000621	8	1
SPOT_006_UMI000622	8	2
SPOT_006_UMI000622	7	2
SPOT_006_UMI000623	2	1
SPOT_006_UMI000624	5	1
SPOT_006_UMI000625	7	1
SPOT_006_UMI000626	5	2
SPOT_006_UMI000626	6	2
SPOT_006_UMI000627	10	2
SPOT_006_UMI000627	9	2
SPOT_006_UMI000628	7	1
SPOT_006_UMI000629	8	2
SPOT_006_UMI000629	7	2
SPOT_006_UMI000630	1	1
SPOT_006_UMI000631	4	1
SPOT_006_UMI000632	6	1
SPOT_006_UMI000633	1	3
SPOT_006_UMI000633	2	3
SPOT_006_UMI000633	3	3
SPOT_006_UMI000634	7	1
SPOT_006_UMI000635	4	1
SPOT_006_UMI000636	1	1
SPOT_006_UMI000637	5	1
SPOT_006_UMI000638	8	2
SPOT_006_UMI000638	7	2
SPOT_006_UMI000639	7	2
SPOT_006_UMI000639	8	2
SPOT_006_UMI000640	9	1
SPOT_006_UMI000641	4	1
SPOT_006_UMI000642	4	1
SPOT_006_UMI000643	7	1
SPOT_006_UMI000644	8	1
SPOT_006_UMI000645	7	2
SPOT_006_UMI000645	8	2
SPOT_006_UMI000646	5	1
SPOT_006_UMI000647	7	2
SPOT_006_UMI000647	8	2
SPOT_006_UMI000648	5	1
SPOT_006_UMI000649	1	1
SPOT_006_UMI000650	5	1
SPOT_006_UMI000651	5	1
SPOT_006_UMI000652	8	1
SPOT_006_UMI000653	4	1
SPOT_006_UMI000654	3	1
SPOT_006_UMI000655	4	1
SPOT_006_UMI000656	4	2
SPOT_006_UMI000656	6	2
SPOT_006_UMI000657	6	2
SPOT_006_UMI000657	5	2
SPOT_006_UMI000658	5	2
SPOT_006_UMI000658	6	2
SPOT_006_UMI000659	7	1
SPOT_006_UMI000660	7	1
SPOT_006_UMI000661	1	1
SPOT_006_UMI000662	4	1
SPOT_006_UMI000663	8	2
SPOT_006_UMI000663	7	2
SPOT_006_UMI000664	2	1
SPOT_006_UMI000665	1	1
SPOT_006_UMI000666	1	1
SPOT_006_UMI000667	5	1
SPOT_006_UMI000668	4	1
SPOT_006_UMI000669	4	1
SPOT_006_UMI000670	1	2
SPOT_006_UMI000670	2	2
SPOT_006_UMI000671	4	2
SPOT_006_UMI000671	5	2
SPOT_006_UMI000672	5	1
SPOT_006_UMI000673	1	2
SPOT_006_UMI000673	2	2
SPOT_006_UMI000674	4	1
SPOT_006_UMI000675	1	2
SPOT_006_UMI000675	3	2
SPOT_006_UMI000676	1	1
SPOT_006_UMI000677	8	1
SPOT_006_UMI000678	1	2
SPOT_006_UMI000678	3	2
SPOT_006_UMI000679	1	1
SPOT_006_UMI000680	6	1
SPOT_006_UMI000681	7	2
SPOT_006_UMI000681	8	2
SPOT_006_UMI000682	4	1
SPOT_006_UMI000683	5	1
SPOT_006_UMI000684	6	1
SPOT_006_UMI000685	4	2
SPOT_006_UMI000685	5	2
SPOT_006_UMI000686	3	1
SPOT_006_UMI000687	1	1
SPOT_006_UMI000688	8	1
SPOT_006_UMI000689	5	2
SPOT_006_UMI000689	4	2
SPOT_006_UMI000690	7	1
SPOT_006_UMI000691	1	1
SPOT_006_UMI000692	7	2
SPOT_006_UMI000692	8	2
SPOT_006_UMI000693	8	1
SPOT_006_UMI000694	1	1
SPOT_006_UMI000695	4	1
SPOT_006_UMI000696	7	1
SPOT_006_UMI000697	8	2
SPOT_006_UMI000697	7	2
SPOT_006_UMI000698	7	1
SPOT_006_UMI000699	4	1
SPOT_006_UMI000700	7	1
SPOT_006_UMI000701	7	1
SPOT_006_UMI000702	7	1
SPOT_006_UMI000703	1	1
SPOT_006_UMI000704	1	1
SPOT_006_UMI000705	8	1
SPOT_006_UMI000706	7	1
SPOT_006_UMI000707	4	1
SPOT_006_UMI000708	4	2
SPOT_006_UMI000708	6	2
SPOT_006_UMI000709	8	2
SPOT_006_UMI000709	7	2
SPOT_006_UMI000710	2	1
SPOT_006_UMI000711	7	1
SPOT_006_UMI000712	9	1
SPOT_006_UMI000713	6	1
SPOT_006_UMI000714	2	1
SPOT_006_UMI000715	8	1
SPOT_006_UMI000716	8	1
SPOT_006_UMI000717	6	1
SPOT_006_UMI000718	4	2
SPOT_006_UMI000718	5	2
SPOT_006_UMI000719	10	1
SPOT_006_UMI000720	7	1
SPOT_006_UMI000721	1	1
SPOT_006_UMI000722	8	1
SPOT_006_UMI000723	10	1
SPOT_006_UMI000724	5	2
SPOT_006_UMI000724	6	2
SPOT_006_UMI000725	10	1
SPOT_006_UMI000726	1	1
SPOT_006_UMI000727	6	1
SPOT_006_UMI000728	1	1
SPOT_006_UMI000729	4	1
SPOT_006_UMI000730	6	2
SPOT_006_UMI000730	4	2
SPOT_006_UMI000731	5	1
SPOT_006_UMI000732	1	1
SPOT_006_UMI000733	5	2
SPOT_006_UMI000733	4	2
SPOT_006_UMI000734	4	2
SPOT_006_UMI000734	5	2
SPOT_006_UMI000735	8	1
SPOT_006_UMI000736	4	1
SPOT_006_UMI000737	6	1
SPOT_006_UMI000738	5	1
SPOT_006_UMI000739	1	1
SPOT_006_UMI000740	2	1
SPOT_006_UMI000741	5	2
SPOT_006_UMI000741	6	2
SPOT_006_UMI000742	2	1
SPOT_006_UMI000743	5	1
SPOT_006_UMI000744	7	1
SPOT_006_UMI000745	1	1
SPOT_006_UMI000746	2	1
SPOT_006_UMI000747	1	1
SPOT_006_UMI000748	6	1
SPOT_006_UMI000749	7	1
SPOT_006_UMI000750	3	1
SPOT_006_UMI000751	1	1
SPOT_007_UMI000752	5	2
SPOT_007_UMI000752	4	2
SPOT_007_UMI000753	3	1
SPOT_007_UMI000754	7	1
SPOT_007_UMI000755	8	1
SPOT_007_UMI000756	7	1
SPOT_007_UMI000757	7	1
SPOT_007_UMI000758	4	1
SPOT_007_UMI000759	1	2
SPOT_007_UMI000759	3	2
SPOT_007_UMI000760	8	1
SPOT_007_UMI000761	4	2
SPOT_007_UMI000761	5	2
SPOT_007_UMI000762	7	1
SPOT_007_UMI000763	4	1
SPOT_007_UMI000764	10	2
SPOT_007_UMI000764	9	2
SPOT_007_UMI000765	1	1
SPOT_007_UMI000766	1	1
SPOT_007_UMI000767	7	2
SPOT_007_UMI000767	8	2
SPOT_007_UMI000768	10	1
SPOT_007_UMI000769	9	2
SPOT_007_UMI000769	10	2
SPOT_007_UMI000770	3	1
SPOT_007_UMI000771	10	1
SPOT_007_UMI000772	9	2
SPOT_007_UMI000772	10	2
SPOT_007_UMI000773	7	1
SPOT_007_UMI000774	5	1
SPOT_007_UMI000775	4	2
SPOT_007_UMI000775	6	2
SPOT_007_UMI000776	9	1
SPOT_007_UMI000777	4	2
SPOT_007_UMI000777	6	2
SPOT_007_UMI000778	2	2
SPOT_007_UMI000778	3	2
SPOT_007_UMI000779	9	1
SPOT_007_UMI000780	2	1
SPOT_007_UMI000781	1	1
SPOT_007_UMI000782	3	3
SPOT_007_UMI000782	1	3
SPOT_007_UMI000782	2	3
SPOT_007_UMI000783	3	2
SPOT_007_UMI000783	2	2
SPOT_007_UMI000784	6	1
SPOT_007_UMI000785	1	1
SPOT_007_UMI000786	10	1
SPOT_007_UMI000787	2	1
SPOT_007_UMI000788	5	1
SPOT_007_UMI000789	4	1
SPOT_007_UMI000790	4	2
SPOT_007_UMI000790	5	2
SPOT_007_UMI000791	1	1
SPOT_007_UMI000792	8	1
SPOT_007_UMI000793	1	1
SPOT_007_UMI000794	4	1
SPOT_007_UMI000795	4	1
SPOT_007_UMI000796	7	1
SPOT_007_UMI000797	10	1
SPOT_007_UMI000798	10	1
SPOT_007_UMI000799	7	1
SPOT_007_UMI000800	5	1
SPOT_007_UMI000801	2	1
SPOT_007_UMI000802	5	1
SPOT_007_UMI000803	5	1
SPOT_007_UMI000804	7	1
SPOT_007_UMI000805	1	2
SPOT_007_UMI000805	2	2
SPOT_007_UMI000806	7	2
SPOT_007_UMI000806	8	2
SPOT_007_UMI000807	2	3
SPOT_007_UMI000807	1	3
SPOT_007_UMI000807	3	3
SPOT_007_UMI000808	5	2
SPOT_007_UMI000808	6	2
SPOT_007_UMI000809	2	1
SPOT_007_UMI000810	1	1
SPOT_007_UMI000811	1	2
SPOT_007_UMI000811	2	2
SPOT_007_UMI000812	4	2
SPOT_007_UMI000812	5	2
SPOT_007_UMI000813	2	2
SPOT_007_UMI000813	1	2
SPOT_007_UMI000814	4	1
SPOT_007_UMI000815	7	1
SPOT_007_UMI000816	4	2
SPOT_007_UMI000816	6	2
SPOT_007_UMI000817	1	2
SPOT_007_UMI000817	3	2
SPOT_007_UMI000818	7	2
SPOT_007_UMI000818	8	2
SPOT_007_UMI000819	4	1
SPOT_007_UMI000820	1	2
SPOT_007_UMI000820	3	2
SPOT_007_UMI000821	3	2
SPOT_007_UMI000821	2	2
SPOT_007_UMI000822	1	1
SPOT_007_UMI000823	7	1
SPOT_007_UMI000824	4	1
SPOT_007_UMI000825	7	1
SPOT_007_UMI000826	7	1
SPOT_007_UMI000827	2	1
SPOT_007_UMI000828	1	1
SPOT_007_UMI000829	8	2
SPOT_007_UMI000829	7	2
SPOT_007_UMI000830	2	2
SPOT_007_UMI000830	3	2
SPOT_007_UMI000831	7	1
SPOT_007_UMI000832	8	1
SPOT_007_UMI000833	9	1
SPOT_007_UMI000834	1	1
SPOT_007_UMI000835	1	1
SPOT_007_UMI000836	4	1
SPOT_007_UMI000837	1	1
SPOT_007_UMI000838	1	1
SPOT_007_UMI000839	8	1
SPOT_007_UMI000840	4	1
SPOT_007_UMI000841	5	1
SPOT_007_UMI000842	1	1
SPOT_007_UMI000843	7	2
SPOT_007_UMI000843	8	2
SPOT_007_UMI000844	2	1
SPOT_007_UMI000845	10	1
SPOT_007_UMI000846	8	2
SPOT_007_UMI000846	7	2
SPOT_007_UMI000847	1	1
SPOT_007_UMI000848	6	1
SPOT_007_UMI000849	7	1
SPOT_007_UMI000850	1	1
SPOT_007_UMI000851	4	1
SPOT_007_UMI000852	7	2
SPOT_007_UMI000852	8	2
SPOT_007_UMI000853	1	1
SPOT_007_UMI000854	1	1
SPOT_007_UMI000855	1	1
SPOT_007_UMI000856	4	1
SPOT_007_UMI000857	3	1
SPOT_007_UMI000858	1	1
SPOT_007_UMI000859	7	1
SPOT_007_UMI000860	4	1
SPOT_007_UMI000861	1	1
SPOT_007_UMI000862	4	2
SPOT_007_UMI000862	6	2
SPOT_007_UMI000863	5	1
SPOT_007_UMI000864	1	1
SPOT_007_UMI000865	1	2
SPOT_007_UMI000865	3	2
SPOT_007_UMI000866	1	1
SPOT_007_UMI000867	8	2
SPOT_007_UMI000867	7	2
SPOT_007_UMI000868	8	1
SPOT_008_UMI000869	8	1
SPOT_008_UMI000870	7	1
SPOT_008_UMI000871	4	1
SPOT_008_UMI000872	8	1
SPOT_008_UMI000873	7	1
SPOT_008_UMI000874	8	1
SPOT_008_UMI000875	3	1
SPOT_008_UMI000876	2	2
SPOT_008_UMI000876	1	2
SPOT_008_UMI000877	1	3
SPOT_008_UMI000877	2	3
SPOT_008_UMI000877	3	3
SPOT_008_UMI000878	9	2
SPOT_008_UMI000878	10	2
SPOT_008_UMI000879	1	2
SPOT_008_UMI000879	2	2
SPOT_008_UMI000880	7	1
SPOT_008_UMI000881	1	1
SPOT_008_UMI000882	5	1
SPOT_008_UMI000883	1	1
SPOT_008_UMI000884	7	1
SPOT_008_UMI000885	7	2
SPOT_008_UMI000885	8	2
SPOT_008_UMI000886	9	1
SPOT_008_UMI000887	5	1
SPOT_008_UMI000888	7	1
SPOT_008_UMI000889	7	1
SPOT_008_UMI000890	1	1
SPOT_008_UMI000891	5	1
SPOT_008_UMI000892	5	1
SPOT_008_UMI000893	3	3
SPOT_008_UMI000893	2	3
SPOT_008_UMI000893	1	3
SPOT_008_UMI000894	1	1
SPOT_008_UMI000895	1	1
SPOT_008_UMI000896	8	1
SPOT_008_UMI000897	8	2
SPOT_008_UMI000897	7	2
SPOT_008_UMI000898	6	1
SPOT_008_UMI000899	1	1
SPOT_008_UMI000900	7	1
SPOT_008_UMI000901	7	1
SPOT_008_UMI000902	4	1
SPOT_008_UMI000903	5	2
SPOT_008_UMI000903	4	2
SPOT_008_UMI000904	2	2
SPOT_008_UMI000904	1	2
SPOT_008_UMI000905	8	1
SPOT_008_UMI000906	4	1
SPOT_008_UMI000907	2	1
SPOT_008_UMI000908	1	1
SPOT_008_UMI000909	1	3
SPOT_008_UMI000909	2	3
SPOT_008_UMI000909	3	3
SPOT_008_UMI000910	4	1
SPOT_008_UMI000911	5	1
SPOT_008_UMI000912	2	2
SPOT_008_UMI000912	1	2
SPOT_008_UMI000913	3	1
SPOT_008_UMI000914	5	1
SPOT_008_UMI000915	3	1
SPOT_008_UMI000916	1	3
SPOT_008_UMI000916	2	3
SPOT_008_UMI000916	3	3
SPOT_008_UMI000917	6	3
SPOT_008_UMI000917	5	3
SPOT_008_UMI000917	4	3
SPOT_008_UMI000918	9	1
SPOT_008_UMI000919	1	1
SPOT_008_UMI000920	8	1
SPOT_008_UMI000921	1	2
SPOT_008_UMI000921	3	2
SPOT_008_UMI000922	4	1
SPOT_008_UMI000923	4	2
SPOT_008_UMI000923	5	2
SPOT_008_UMI000924	8	1
SPOT_008_UMI000925	1	1
SPOT_008_UMI000926	9	1
SPOT_008_UMI000927	7	1
SPOT_008_UMI000928	4	1
SPOT_008_UMI000929	1	1
SPOT_008_UMI000930	7	1
SPOT_008_UMI000931	7	1
SPOT_008_UMI000932	5	1
SPOT_008_UMI000933	7	1
SPOT_008_UMI000934	1	2
SPOT_008_UMI000934	2	2
SPOT_008_UMI000935	5	2
SPOT_008_UMI000935	4	2
SPOT_008_UMI000936	4	1
SPOT_008_UMI000937	7	1
SPOT_008_UMI000938	8	1
SPOT_008_UMI000939	7	1
SPOT_008_UMI000940	2	1
SPOT_008_UMI000941	1	2
SPOT_008_UMI000941	2	2
SPOT_008_UMI000942	8	1
SPOT_008_UMI000943	4	1
SPOT_008_UMI000944	8	1
SPOT_008_UMI000945	4	1
SPOT_008_UMI000946	5	1
SPOT_008_UMI000947	7	2
SPOT_008_UMI000947	8	2
SPOT_008_UMI000948	5	1
SPOT_008_UMI000949	4	1
SPOT_008_UMI000950	3	2
SPOT_008_UMI000950	2	2
SPOT_008_UMI000951	4	3
SPOT_008_UMI000951	5	3
SPOT_008_UMI000951	6	3
SPOT_008_UMI000952	7	1
SPOT_009_UMI000953	4	1
SPOT_009_UMI000954	1	1
SPOT_009_UMI000955	4	1
SPOT_009_UMI000956	7	1
SPOT_009_UMI000957	4	1
SPOT_009_UMI000958	10	2
SPOT_009_UMI000958	9	2
SPOT_009_UMI000959	7	1
SPOT_009_UMI000960	4	1
SPOT_009_UMI000961	1	2
SPOT_009_UMI000961	2	2
SPOT_009_UMI000962	4	2
SPOT_009_UMI000962	6	2
SPOT_009_UMI000963	9	1
SPOT_009_UMI000964	7	1
SPOT_009_UMI000965	9	1
SPOT_009_UMI000966	6	1
SPOT_009_UMI000967	4	2
SPOT_009_UMI000967	6	2
SPOT_009_UMI000968	3	1
SPOT_009_UMI000969	1	1
SPOT_009_UMI000970	9	1
SPOT_009_UMI000971	5	1
SPOT_009_UMI000972	1	1
SPOT_009_UMI000973	4	1
SPOT_009_UMI000974	7	1
SPOT_009_UMI000975	7	2
SPOT_009_UMI000975	8	2
SPOT_009_UMI000976	6	1
SPOT_009_UMI000977	1	1
SPOT_009_UMI000978	7	1
SPOT_009_UMI000979	9	1
SPOT_009_UMI000980	7	1
SPOT_009_UMI000981	7	1
SPOT_009_UMI000982	7	1
SPOT_009_UMI000983	4	1
SPOT_009_UMI000984	3	1
SPOT_009_UMI000985	7	1
SPOT_009_UMI000986	1	1
SPOT_009_UMI000987	7	2
SPOT_009_UMI000987	8	2
SPOT_009_UMI000988	8	2
SPOT_009_UMI000988	7	2
SPOT_009_UMI000989	1	1
SPOT_009_UMI000990	5	1
SPOT_009_UMI000991	7	1
SPOT_009_UMI000992	7	1
SPOT_009_UMI000993	10	1
SPOT_009_UMI000994	5	2
SPOT_009_UMI000994	6	2
SPOT_009_UMI000995	1	1
SPOT_009_UMI000996	7	1
SPOT_009_UMI000997	8	1
SPOT_009_UMI000998	5	1
SPOT_009_UMI000999	7	1
SPOT_009_UMI001000	4	1
SPOT_009_UMI001001	6	1
SPOT_009_UMI001002	5	1
SPOT_009_UMI001003	1	3
SPOT_009_UMI001003	2	3
SPOT_009_UMI001003	3	3
SPOT_009_UMI001004	7	1
SPOT_009_UMI001005	8	2
SPOT_009_UMI001005	7	2
SPOT_009_UMI001006	2	1
SPOT_009_UMI001007	9	2
SPOT_009_UMI001007	10	2
SPOT_009_UMI001008	5	1
SPOT_009_UMI001009	8	2
SPOT_009_UMI001009	7	2
SPOT_009_UMI001010	2	2
SPOT_009_UMI001010	1	2
SPOT_009_UMI001011	9	1
SPOT_009_UMI001012	7	2
SPOT_009_UMI001012	8	2
SPOT_009_UMI001013	3	1
SPOT_009_UMI001014	7	1
SPOT_009_UMI001015	7	1
SPOT_009_UMI001016	1	2
SPOT_009_UMI001016	3	2
SPOT_009_UMI001017	1	1
SPOT_009_UMI001018	7	1
SPOT_009_UMI001019	8	2
SPOT_009_UMI001019	7	2
SPOT_009_UMI001020	2	1
SPOT_009_UMI001021	8	1
SPOT_009_UMI001022	2	1
SPOT_009_UMI001023	8	1
SPOT_009_UMI001024	8	1
SPOT_009_UMI001025	2	1
SPOT_009_UMI001026	7	2
SPOT_009_UMI001026	8	2
SPOT_009_UMI001027	5	1
SPOT_009_UMI001028	6	1
SPOT_009_UMI001029	7	1
SPOT_009_UMI001030	9	2
SPOT_009_UMI001030	10	2
SPOT_009_UMI001031	3	1
SPOT_009_UMI001032	1	1
SPOT_009_UMI001033	8	2
SPOT_009_UMI001033	7	2
SPOT_009_UMI001034	1	1
SPOT_009_UMI001035	2	2
SPOT_009_UMI001035	1	2
SPOT_009_UMI001036	4	1
SPOT_009_UMI001037	7	1
SPOT_009_UMI001038	1	2
SPOT_009_UMI001038	3	2
SPOT_009_UMI001039	7	2
SPOT_009_UMI001039	8	2
SPOT_009_UMI001040	7	1
SPOT_009_UMI001041	7	1
SPOT_009_UMI001042	5	1
SPOT_009_UMI001043	1	1
SPOT_009_UMI001044	8	2
SPOT_009_UMI001044	7	2
SPOT_009_UMI001045	4	1
SPOT_009_UMI001046	8	1
SPOT_009_UMI001047	8	1
SPOT_009_UMI001048	5	1
SPOT_009_UMI001049	10	2
SPOT_009_UMI001049	9	2
SPOT_009_UMI001050	4	2
SPOT_009_UMI001050	6	2
SPOT_009_UMI001051	2	1
SPOT_009_UMI001052	1	1
SPOT_009_UMI001053	7	1
SPOT_009_UMI001054	10	2
SPOT_009_UMI001054	9	2
SPOT_009_UMI001055	5	1
SPOT_009_UMI001056	4	1
SPOT_009_UMI001057	7	1
SPOT_009_UMI001058	7	1
SPOT_009_UMI001059	5	1
SPOT_009_UMI001060	8	1
SPOT_009_UMI001061	1	1
SPOT_009_UMI001062	4	2
SPOT_009_UMI001062	6	2
SPOT_009_UMI001063	7	1
SPOT_009_UMI001064	7	1
SPOT_009_UMI001065	7	1
SPOT_009_UMI001066	4	1
SPOT_009_UMI001067	2	1
SPOT_009_UMI001068	2	2
SPOT_009_UMI001068	3	2
SPOT_009_UMI001069	1	2
SPOT_009_UMI001069	3	2
SPOT_009_UMI001070	10	2
SPOT_009_UMI001070	9	2
SPOT_009_UMI001071	7	2
SPOT_009_UMI001071	8	2
SPOT_009_UMI001072	9	1
SPOT_009_UMI001073	8	1
SPOT_009_UMI001074	2	1
SPOT_009_UMI001075	5	1
SPOT_009_UMI001076	8	1
SPOT_009_UMI001077	4	1
SPOT_009_UMI001078	8	1
SPOT_009_UMI001079	7	2
SPOT_009_UMI001079	8	2
SPOT_009_UMI001080	9	1
SPOT_009_UMI001081	1	1
SPOT_009_UMI001082	7	1
